cod_siga,cod_sismed,descripcion,forma_farmaceutica,programacion,clasificacion_petitorio,tipo,precio_referencial,obs_adicional
582601170001,25055,PLERIXAFOR 24 MG/1.2 ML (20MG/ML) INY,UNIDAD,ESTRATEGIA ONCOLÓGICA NO PNUME,NO PNUME,PRODUCTOS FARMACÉUTICOS ONCOLOGICOS,11200.0,
582601430001,45237,PERTUZUMAB 420 MG (30 MG/ML) INY 14 ML,UNIDAD,ESTRATEGIA ONCOLÓGICA NO PNUME,NO PNUME,PRODUCTOS FARMACÉUTICOS ONCOLOGICOS,7433.0,
582600990010,42699,PEMBROLIZUMAB 25 MG/1 ML INY 4 ML,UNIDAD,ESTRATEGIA ONCOLÓGICA NO PNUME,NO PNUME,PRODUCTOS FARMACÉUTICOS ONCOLOGICOS,6450.0,
582601320002,36594,NIVOLUMAB 10 MG/ML INY 10 ML,UNIDAD,ESTRATEGIA ONCOLÓGICA NO PNUME,NO PNUME,PRODUCTOS FARMACÉUTICOS ONCOLOGICOS,5449.28,
582601500001,52014,PEGASPARGASA 750 UI/ML INY 5 ML,UNIDAD,ESTRATEGIA ONCOLÓGICA NO PNUME,NO PNUME,PRODUCTOS FARMACÉUTICOS ONCOLOGICOS,3800.0,
582600340003,52460,RITUXIMAB 1400 MG/11.7 ML (120 MG/ML) INY,UNIDAD,ESTRATEGIA ONCOLÓGICA NO PNUME,NO PNUME,PRODUCTOS FARMACÉUTICOS ONCOLOGICOS,3500.0,
582601330001,39847,TRIÓXIDO DE ARSÉNICO 1 MG/ML INY 10 ML,UNIDAD,ESTRATEGIA ONCOLÓGICA NO PNUME,NO PNUME,PRODUCTOS FARMACÉUTICOS ONCOLOGICOS,3500.0,
582601180001,25846,CLOFARABINA 1 MG/ML INY 20 ML,UNIDAD,ESTRATEGIA ONCOLÓGICA NO PNUME,NO PNUME,PRODUCTOS FARMACÉUTICOS ONCOLOGICOS,2295.0,
582601320001,36593,NIVOLUMAB 10 MG/ML INY 4 ML,UNIDAD,ESTRATEGIA ONCOLÓGICA NO PNUME,NO PNUME,PRODUCTOS FARMACÉUTICOS ONCOLOGICOS,2179.71,
586300370002,30962,DENOSUMAB 120 MG/1.7 ML (70 MG/ML) INY,UNIDAD,ESTRATEGIA ONCOLÓGICA NO PNUME,NO PNUME,PRODUCTOS FARMACÉUTICOS ONCOLOGICOS,2015.0,
583300490002,33220,METOXALENO 20 µG/ML INY 10 ML,INYECTABLE,ESTRATEGIA ONCOLÓGICA NO PNUME,NO PNUME,PRODUCTOS FARMACÉUTICOS GENERALES,900.0,
582601390001,42698,OSIMERTINIB 80 MG TAB,UNIDAD,ESTRATEGIA ONCOLÓGICA NO PNUME,NO PNUME,PRODUCTOS FARMACÉUTICOS ONCOLOGICOS,661.87,
582600190002,4038,IDARUBICINA 5 MG INY,UNIDAD,ESTRATEGIA ONCOLÓGICA NO PNUME,NO PNUME,PRODUCTOS FARMACÉUTICOS ONCOLOGICOS,490.0,POR COSTO NO DEBERIA ESTA EN LISTA
582601040001,20296,FULVESTRANT 250 MG INY 5 ML,UNIDAD,ESTRATEGIA ONCOLÓGICA NO PNUME,NO PNUME,PRODUCTOS FARMACÉUTICOS ONCOLOGICOS,348.0,
582601510001,52754,OLAPARIB 150 MG TAB,UNIDAD,ESTRATEGIA ONCOLÓGICA NO PNUME,NO PNUME,PRODUCTOS FARMACÉUTICOS ONCOLOGICOS,269.5,
582601400001,43765,RIBOCICLIB 200 MG TAB,UNIDAD,ESTRATEGIA ONCOLÓGICA NO PNUME,NO PNUME,PRODUCTOS FARMACÉUTICOS ONCOLOGICOS,165.44,
582601190001,27012,NILOTINIB 200 MG CAP,UNIDAD,ESTRATEGIA ONCOLÓGICA NO PNUME,NO PNUME,PRODUCTOS FARMACÉUTICOS ONCOLOGICOS,115.628998,
582600820001,18070,PEMETREXED DISODICO HEPTAHIDRATADO 500 MG INY,UNIDAD,ESTRATEGIA ONCOLÓGICA NO PNUME,NO PNUME,PRODUCTOS FARMACÉUTICOS ONCOLOGICOS,112.0,
582601370001,42365,ALECTINIB 150 MG TAB,UNIDAD,ESTRATEGIA ONCOLÓGICA NO PNUME,NO PNUME,PRODUCTOS FARMACÉUTICOS ONCOLOGICOS,53.09,
582601090001,21904,SORAFENIB 200 MG TAB,UNIDAD,ESTRATEGIA ONCOLÓGICA NO PNUME,NO PNUME,PRODUCTOS FARMACÉUTICOS ONCOLOGICOS,22.7,
582601000001,20300,LAPATINIB 250 MG TAB,TABLETA,ESTRATEGIA ONCOLÓGICA NO PNUME,NO PNUME,PRODUCTOS FARMACÉUTICOS ONCOLOGICOS,18.5,
582601100002,22685,LENALIDOMIDA 10 MG TAB,UNIDAD,ESTRATEGIA ONCOLÓGICA NO PNUME,NO PNUME,PRODUCTOS FARMACÉUTICOS ONCOLOGICOS,12.79,POR COSTO NO DEBERIA ESTA EN LISTA
582601570001,55268,ATEZOLIZUMAB 60 MG/ML INY 20 ML,UNIDAD,"ONCOLÓGICOS - NO PNUME - 
ALTO COSTO/NUEVO",NO PNUME,PRODUCTOS FARMACÉUTICOS ONCOLOGICOS,21240.0,
582600990011,53440,BLINATUMOMAB 35 µG INY,UNIDAD,"ONCOLÓGICOS - NO PNUME - 
ALTO COSTO/NUEVO",NO PNUME,PRODUCTOS FARMACÉUTICOS ONCOLOGICOS,16500.0,
582601450002,54456,DARATUMUMAB 20 MG/ML INY 20 ML,FRASCO,"ONCOLÓGICOS - NO PNUME - 
ALTO COSTO/NUEVO",NO PNUME,PRODUCTOS FARMACÉUTICOS GENERALES,6509.21,
582600490004,54571,TRASTUZUMAB DERUXTECAN 100 MG INY,UNIDAD,"ONCOLÓGICOS - NO PNUME - 
ALTO COSTO/NUEVO",NO PNUME,PRODUCTOS FARMACÉUTICOS ONCOLOGICOS,5550.0,
582601200002,42888,TIOTEPA 100 MG INY,UNIDAD,"ONCOLÓGICOS - NO PNUME - 
ALTO COSTO/NUEVO",NO PNUME,PRODUCTOS FARMACÉUTICOS ONCOLOGICOS,5300.0,
582601590001,55304,NELARABINA 5MG/ML,UNIDAD,"ONCOLÓGICOS - NO PNUME - 
ALTO COSTO/NUEVO",NO PNUME,PRODUCTOS FARMACÉUTICOS GENERALES,3860.0,
582601310002,41805,CLADRIBINA 2 MG/ML INY 5 ML,UNIDAD,"ONCOLÓGICOS - NO PNUME - 
ALTO COSTO/NUEVO",NO PNUME,PRODUCTOS FARMACÉUTICOS GENERALES,3395.0,
582600530001,18092,BEVACIZUMAB 400 MG INY 16 ML (25 MG/ML INY 16 ML),AMPOLLA,"ONCOLÓGICOS - NO PNUME - 
ALTO COSTO/NUEVO",NO PNUME,PRODUCTOS FARMACÉUTICOS ONCOLOGICOS,1340.0,
582601610002,55849,CEPA DE BACILO CALMETTE GUERIN (BCG) 2.000000 UFC,UNIDAD,"ONCOLÓGICOS - NO PNUME - 
ALTO COSTO/NUEVO",NO PNUME,PRODUCTOS FARMACÉUTICOS GENERALES,720.0,PF SE CAMBIO X OTRA DESCRIPCION Y COD
582601610001,55355,CEPA DEL BACILO DE CALMETTE - GUÉRIN (BCG) 40mg/mL  INTRAVESICAL,UNIDAD,"ONCOLÓGICOS - NO PNUME - 
ALTO COSTO/NUEVO",NO PNUME,PRODUCTOS FARMACÉUTICOS GENERALES,720.0,PF SE CAMBIO X OTRA DESCRIPCION Y COD
582601530001,53691,CABOZANTINIB 60 MG TAB,INYECTABLE,"ONCOLÓGICOS - NO PNUME - 
ALTO COSTO/NUEVO",NO PNUME,PRODUCTOS FARMACÉUTICOS ONCOLOGICOS,278.484714,
582601240001,29939,RUXOLITINIB 5 MG TAB,UNIDAD,"ONCOLÓGICOS - NO PNUME - 
ALTO COSTO/NUEVO",NO PNUME,PRODUCTOS FARMACÉUTICOS GENERALES,167.32,
582601560001,54845,ENCORAFENIB 75 MG TAB,UNIDAD,"ONCOLÓGICOS - NO PNUME - 
ALTO COSTO/NUEVO",NO PNUME,PRODUCTOS FARMACÉUTICOS ONCOLOGICOS,156.94,
582601360001,42359,VEMURAFENIB 240 MG TAB,AMPOLLA,"ONCOLÓGICOS - NO PNUME - 
ALTO COSTO/NUEVO",NO PNUME,PRODUCTOS FARMACÉUTICOS ONCOLOGICOS,107.35,
582601550001,54846,BINIMETINIB 15 MG TAB,SUSPENSION,"ONCOLÓGICOS - NO PNUME - 
ALTO COSTO/NUEVO",NO PNUME,PRODUCTOS FARMACÉUTICOS ONCOLOGICOS,43.65,
582601620001,55481,AMIVANTAMAB 50mg/mL INY 7mL,UNIDAD,"ONCOLÓGICOS - NO PNUME - 
ALTO COSTO/NUEVO",NO PNUME,PRODUCTOS FARMACÉUTICOS GENERALES,0.9,"EL PRECIO A UN NO ES DETERMINADO, NO TENEMOS HISTORICO."
582601630001,55822,AVELUMAB 20 mg/mL INY 10Ml,UNIDAD,"ONCOLÓGICOS - NO PNUME - 
ALTO COSTO/NUEVO",NO PNUME,PRODUCTOS FARMACÉUTICOS GENERALES,0.9,"EL PRECIO A UN NO ES DETERMINADO, NO TENEMOS HISTORICO."
582601280001,33795,BENDAMUSTINA CLORHIDRATO 100 mg POLVO PARA SOLUCION PERFUSION,UNIDAD,"ONCOLÓGICOS - NO PNUME - 
ALTO COSTO/NUEVO",NO PNUME,PRODUCTOS FARMACÉUTICOS GENERALES,0.9,"EL PRECIO A UN NO ES DETERMINADO, NO TENEMOS HISTORICO."
582601540001,54449,"CRISANTASPASA 10,000 UI (ASPARAGINASA ERWINIA)",UNIDAD,"ONCOLÓGICOS - NO PNUME - 
ALTO COSTO/NUEVO",NO PNUME,PRODUCTOS FARMACÉUTICOS GENERALES,0.9,"EL PRECIO A UN NO ES DETERMINADO, NO TENEMOS HISTORICO."
582601450001,48814,DARATUMUMAB 20mg/mL INY 5 mL,UNIDAD,"ONCOLÓGICOS - NO PNUME - 
ALTO COSTO/NUEVO",NO PNUME,PRODUCTOS FARMACÉUTICOS GENERALES,0.9,"EL PRECIO A UN NO ES DETERMINADO, NO TENEMOS HISTORICO."
